Customer_ID,Customer_Name,Gender,Age,City,Phone,Loyalty
C0001,Unni Nigam,Female,49,Firozabad,4093003268,Silver
C0002,Hardik Pall,Female,47,Etawah,4671568829,Gold
C0003,Ishaan Vyas,Female,36,Agra,1992587265,Gold
C0004,Aarnav Dave,Male,20,Agra,3545178455,Bronze
C0005,Chaitanya Mann,Male,20,Mathura,0561167527,Silver
C0006,Imaran Deep,Female,18,Firozabad,9625388914,None
C0007,Kevin Krishnamurthy,Male,62,Etawah,9272899691,Gold
C0008,Suhani Wagle,Female,64,Firozabad,2047609329,Silver
C0009,Dhriti Ahluwalia,Female,25,Mathura,3586304814,None
C0010,Panini Natarajan,Female,35,Etawah,7220991586,None
C0011,Girik Devan,Female,45,Mathura,1539215102,None
C0012,Quincy Buch,Female,30,Etawah,1571698697,Gold
C0013,Ekansh Prakash,Male,30,Agra,7056747728,None
C0014,Girik Wali,Male,63,Mathura,8906990736,Gold
C0015,David Halder,Male,24,Mathura,3447103083,Bronze
C0016,Frado Ganguly,Male,21,Firozabad,7213059268,Gold
C0017,Nimrat Sha,Male,33,Mathura,0466039262,Bronze
C0018,Wakeeta Bains,Male,45,Firozabad,5936066152,Bronze
C0019,Ekta Palla,Female,44,Etawah,1328964672,Bronze
C0020,Aarav Krishnan,Female,49,Firozabad,6750059020,Silver
C0021,Wyatt Chaudhuri,Male,23,Mathura,4465887210,None
C0022,Tarak Panchal,Female,50,Firozabad,4010142827,Gold
C0023,Anay Bawa,Female,22,Agra,9112134308,None
C0024,Maanas Shere,Female,63,Agra,7756517525,Bronze
C0025,Advaith Solanki,Female,53,Mathura,7660366313,Silver
C0026,Triveni Sanghvi,Male,24,Mathura,8000926841,Bronze
C0027,Kamya Talwar,Male,60,Mathura,9428232621,Silver
C0028,Brijesh Ramesh,Male,32,Agra,0008522525,Silver
C0029,Arya Konda,Male,59,Agra,1995521536,None
C0030,Yoshita Panchal,Male,19,Etawah,7496602130,Gold
C0031,Pallavi Nayar,Female,64,Etawah,3383592018,Bronze
C0032,Anthony Vyas,Female,48,Mathura,1836337393,Gold
C0033,Andrew Kashyap,Male,19,Etawah,9099935856,Bronze
C0034,Chaitanya Venkatesh,Male,46,Agra,9509216695,Silver
C0035,Frado Wagle,Male,26,Etawah,6935606185,Silver
C0036,Chakrika Lalla,Male,25,Agra,1843086530,Bronze
C0037,Oscar Kala,Male,21,Firozabad,4230866571,Gold
C0038,Alexander Tak,Female,28,Mathura,7405466608,Gold
C0039,Saksham Talwar,Female,40,Firozabad,8794477518,Gold
C0040,Madhavi Dani,Male,18,Etawah,0547832422,Bronze
C0041,Pallavi Khalsa,Male,48,Mathura,0283853137,Silver
C0042,Irya Singh,Male,53,Mathura,5738393043,None
C0043,Aashi Pant,Female,49,Agra,2859073230,Gold
C0044,Idika Chandran,Male,37,Firozabad,8841429654,Bronze
C0045,Reva Sachar,Male,20,Etawah,5819580032,None
C0046,Chavvi Rattan,Male,29,Agra,5645596276,Silver
C0047,Tanay Majumdar,Female,25,Mathura,9320569143,None
C0048,Raghav Kapadia,Female,32,Agra,5188915216,Silver
C0049,Gaurav Verma,Male,54,Mathura,0664757419,Bronze
C0050,Nitesh Toor,Female,20,Mathura,8181160767,None
C0051,Indrajit Nath,Male,31,Agra,8688774531,Bronze
C0052,Arjun Palla,Female,54,Agra,7083347914,Bronze
C0053,Forum Bhalla,Female,55,Mathura,5784785840,Bronze
C0054,Ayaan Mutti,Female,33,Firozabad,3427921585,Gold
C0055,Nirja Doctor,Female,46,Mathura,5391418800,Bronze
C0056,Kritika Morar,Female,55,Mathura,9013095907,Silver
C0057,Dhruv Khosla,Male,34,Agra,6809846442,Silver
C0058,Neha Bir,Male,20,Firozabad,2884790013,Silver
C0059,Gunbir Modi,Female,21,Mathura,0248919903,Gold
C0060,Jeevika Badal,Male,41,Mathura,5681751609,Silver
C0061,Ikbal Shukla,Female,35,Firozabad,1468595242,Gold
C0062,Hemani Mangat,Male,46,Firozabad,4841628107,None
C0063,Isha Dhingra,Female,29,Etawah,4300720703,Bronze
C0064,Samar Master,Female,32,Mathura,4035711014,Gold
C0065,Harsh Chokshi,Female,43,Agra,7891341901,None
C0066,Nachiket Kata,Male,31,Agra,9087870882,Gold
C0067,Ekaja Madan,Female,52,Etawah,9869440957,None
C0068,Aarna Ghosh,Female,64,Firozabad,2899623055,Gold
C0069,Oliver Agrawal,Female,27,Firozabad,6010773262,None
C0070,Pranit Doshi,Male,64,Mathura,0791794627,Silver
C0071,Hemang Sarma,Female,50,Firozabad,6455807874,Silver
C0072,Hemang Raval,Female,53,Mathura,9612355702,Bronze
C0073,Wishi Sane,Male,33,Etawah,3893453421,Bronze
C0074,Chakrika Apte,Female,19,Mathura,5931273715,Silver
C0075,Dipta Sem,Female,23,Etawah,9875293532,Bronze
C0076,Sanya Dash,Male,35,Agra,7417465449,Bronze
C0077,Wridesh Toor,Female,20,Firozabad,8123802690,Gold
C0078,Jhalak Sawhney,Male,29,Mathura,7367398681,Gold
C0079,Luke Mishra,Female,33,Mathura,0928124788,Bronze
C0080,Inaya Lata,Male,35,Agra,6234685759,Bronze
C0081,Kalpit Nayak,Female,56,Etawah,0933530928,None
C0082,Ayaan Parmar,Male,20,Etawah,6091598143,Silver
C0083,Onkar Ahuja,Male,32,Mathura,4662445014,Bronze
C0084,Riya Choudhury,Female,37,Etawah,2153224664,None
C0085,Barkha Chana,Female,52,Mathura,2855943126,None
C0086,Harsh Bail,Female,44,Etawah,2384354122,None
C0087,Vaishnavi Ratti,Female,29,Firozabad,9990704841,Silver
C0088,Yoshita Gaba,Male,44,Firozabad,9037168042,Bronze
C0089,Gopal Issac,Male,37,Firozabad,6163843019,Gold
C0090,Bachittar Vora,Female,37,Etawah,4699662308,Bronze
C0091,Bakhshi Sachdev,Male,29,Etawah,6060011733,None
C0092,Zaitra Chowdhury,Male,20,Mathura,8137117815,Silver
C0093,Janaki Hegde,Male,50,Etawah,5851308253,Silver
C0094,Yutika Chaudhry,Female,35,Etawah,6904648998,None
C0095,Charan Tara,Female,39,Mathura,6530436200,Silver
C0096,Gautam Sanghvi,Female,37,Agra,8057962313,None
C0097,Sara Ganesh,Female,31,Firozabad,0820848892,None
C0098,Lavanya Som,Female,35,Mathura,5649958696,Gold
C0099,Raagini Prashad,Female,29,Etawah,2727313095,Silver
C0100,Ansh Bhatti,Female,26,Etawah,9420265550,Bronze
C0101,Naksh Arora,Female,36,Mathura,4849443622,None
C0102,Pushti Bassi,Female,26,Mathura,5107221596,Bronze
C0103,Wahab Kaur,Male,64,Mathura,7856606516,None
C0104,Kashvi Arora,Male,29,Agra,4625683593,Gold
C0105,Kiaan Jaggi,Male,40,Etawah,8851683618,Gold
C0106,Umang Chad,Female,20,Firozabad,6546086556,Gold
C0107,Bhavya Bumb,Male,32,Etawah,5995457742,None
C0108,Ekansh Deshmukh,Female,64,Firozabad,9569487329,None
C0109,Rushil Raj,Male,60,Agra,5261299624,None
C0110,Wahab Chander,Male,23,Etawah,6099839024,Silver
C0111,Harish Chanda,Male,25,Firozabad,3301734144,None
C0112,Bakhshi Shetty,Female,25,Etawah,4302529030,None
C0113,Dakshesh Prabhakar,Male,59,Mathura,1796717132,Silver
C0114,Dipta Sachdeva,Female,22,Mathura,8406480331,Bronze
C0115,Baghyawati Kata,Male,46,Agra,2593466053,Bronze
C0116,Shaurya Gade,Male,52,Etawah,4522716508,Bronze
C0117,Qushi Aggarwal,Male,31,Agra,9671802339,None
C0118,Arin Sahota,Female,22,Agra,2329013881,None
C0119,Jalsa Tandon,Male,63,Etawah,3260784447,Bronze
C0120,Anirudh Dayal,Male,43,Firozabad,2379821774,None
C0121,Yochana Sunder,Male,50,Firozabad,5732462115,Silver
C0122,Aarna Kala,Female,28,Mathura,5785940502,Silver
C0123,Warjas Kapoor,Male,60,Etawah,3037198872,Silver
C0124,Geetika Ratti,Male,49,Agra,9923139743,Gold
C0125,Parth Trivedi,Female,45,Agra,3144863607,None
C0126,Manya Sharma,Female,25,Etawah,7203767652,Gold
C0127,Xavier Ramachandran,Male,42,Firozabad,1499274295,None
C0128,Ishanvi Seshadri,Male,51,Agra,0830184537,None
C0129,Sarthak Gera,Female,42,Etawah,8934827102,Gold
C0130,Kiaan Roy,Female,34,Agra,6026120387,Silver
C0131,Xavier Bera,Female,43,Agra,9639624241,Silver
C0132,Rachit Bava,Male,30,Agra,7266372814,None
C0133,Kamala Naik,Male,61,Agra,8690605632,None
C0134,Jagrati Bhagat,Male,55,Agra,1835508813,Silver
C0135,Tejas Dalal,Female,24,Mathura,9774946724,Silver
C0136,Aadi Dyal,Female,46,Mathura,5638198816,None
C0137,Lakshit Lata,Female,62,Mathura,5452264414,Gold
C0138,Max Misra,Male,60,Mathura,0223045727,Gold
C0139,Forum Sanghvi,Female,37,Firozabad,6172562468,Silver
C0140,Darsh Bala,Male,40,Mathura,3574003401,Gold
C0141,Tristan Salvi,Female,48,Mathura,6442843170,None
C0142,Onveer Morar,Female,31,Firozabad,8095059896,None
C0143,Chatresh Dayal,Female,23,Firozabad,4680110985,None
C0144,Maanav Barad,Male,48,Firozabad,6683858828,None
C0145,Rehaan Nori,Female,33,Mathura,1307334143,Bronze
C0146,Gagan Kapadia,Male,56,Mathura,5214076158,Gold
C0147,Chandani Mander,Male,47,Etawah,6535801924,Silver
C0148,Aachal Shetty,Male,33,Firozabad,4170956431,None
C0149,Rachit Verma,Male,35,Mathura,3834921060,None
C0150,Bhavani Nayar,Female,46,Etawah,4914740237,None
C0151,Rayaan Bali,Female,22,Firozabad,7151924835,Bronze
C0152,Amara Borra,Male,47,Agra,0888425798,Silver
C0153,Anthony Kadakia,Male,20,Mathura,7597247952,Gold
C0154,Zaid Seth,Female,24,Agra,2685203086,Silver
C0155,Mekhala Deshmukh,Female,59,Etawah,4455769899,Bronze
C0156,Nathaniel Ravi,Female,23,Firozabad,1928749424,None
C0157,Maanas Sankar,Female,20,Agra,1971788165,Gold
C0158,Reva Buch,Male,22,Firozabad,6772948134,Silver
C0159,Vedika Dhar,Male,65,Mathura,7968355949,Gold
C0160,Chasmum Comar,Female,56,Etawah,4661156363,Silver
C0161,Eesha Bhalla,Female,61,Agra,7371254758,Silver
C0162,Indira Dugar,Female,58,Agra,0407535604,None
C0163,Banjeet Yohannan,Male,34,Etawah,4169837003,Bronze
C0164,Shravya Borah,Female,63,Etawah,2921382249,Silver
C0165,Raagini Sachar,Female,30,Agra,7578583142,Bronze
C0166,Kala Chatterjee,Male,22,Agra,4348744925,Gold
C0167,Shivani Zacharia,Female,39,Agra,7780144224,None
C0168,Indrajit Saini,Male,61,Agra,1695202674,Bronze
C0169,Isha Raj,Male,18,Agra,7722159074,Gold
C0170,Nilima Savant,Female,55,Etawah,7651216656,Gold
C0171,Vasatika Handa,Female,28,Etawah,9126277685,None
C0172,Gauri Sanghvi,Male,31,Firozabad,8991749420,None
C0173,Robert Chauhan,Male,25,Mathura,5396636246,None
C0174,Eta Master,Female,56,Firozabad,8770622009,None
C0175,Vedika Dani,Female,36,Mathura,8454661103,Gold
C0176,Anita Wagle,Male,65,Mathura,3098055709,Gold
C0177,Ayush Chaudhuri,Female,45,Firozabad,2230907826,None
C0178,Gagan Nagar,Female,33,Mathura,4450850661,Silver
C0179,Dev Sangha,Male,52,Agra,8291313554,None
C0180,Yatan Kumar,Male,25,Agra,3409939578,Bronze
C0181,Ishanvi Shukla,Male,64,Firozabad,5247421660,Gold
C0182,Dayamai Agrawal,Male,19,Mathura,4830959454,Bronze
C0183,Tanmayi Dutta,Male,28,Etawah,3035607567,Silver
C0184,Ekavir Sharaf,Male,56,Etawah,3558627199,Gold
C0185,Amrita Hayer,Male,65,Firozabad,5056643079,Bronze
C0186,Advaith Kari,Male,30,Mathura,2896015906,Gold
C0187,Prisha Jha,Male,41,Mathura,1970215760,Bronze
C0188,Anya Bhakta,Female,32,Mathura,3496515914,Gold
C0189,Nachiket Kade,Male,53,Etawah,4172912229,Gold
C0190,Naveen Varughese,Female,37,Mathura,0294140976,Silver
C0191,Vinaya Rout,Male,18,Firozabad,0841229539,Gold
C0192,Girindra Sibal,Male,40,Firozabad,2688575132,Gold
C0193,Janani Mangat,Male,23,Mathura,7524374539,None
C0194,Indrajit Lala,Male,19,Agra,0473514808,Gold
C0195,Nisha Ramaswamy,Male,29,Agra,3135781420,Gold
C0196,Aachal Dhar,Female,44,Etawah,5193461476,None
C0197,Teerth Sane,Female,60,Mathura,8223982486,Bronze
C0198,Girindra Jain,Male,23,Mathura,2662909731,Bronze
C0199,Kashish Bava,Female,52,Mathura,8842532112,Silver
C0200,Amol Purohit,Female,56,Etawah,1294088068,Bronze
C0201,Prisha Kata,Male,55,Mathura,1150875885,Bronze
C0202,Waida Rege,Female,52,Firozabad,4578260089,Silver
C0203,Zashil Sama,Female,63,Agra,3607333103,Gold
C0204,Dhruv Bandi,Male,38,Agra,0980004505,Bronze
C0205,Alka Parekh,Female,36,Etawah,8882698618,Bronze
C0206,Vritti Uppal,Male,24,Mathura,4211908307,None
C0207,Aahana Majumdar,Female,64,Agra,8847940484,Bronze
C0208,Nitara Narula,Female,61,Etawah,6594261191,Silver
C0209,Anita Mall,Male,37,Etawah,0840164364,Bronze
C0210,Zaid Sarma,Female,57,Mathura,3174402951,Gold
C0211,Varsha Pandey,Male,59,Mathura,8653256321,Gold
C0212,Advika Mander,Female,25,Mathura,9106577352,None
C0213,Lavanya Rau,Male,63,Firozabad,3982029537,None
C0214,William Sood,Male,32,Mathura,9707801432,Silver
C0215,Ekantika Shah,Female,32,Mathura,7699667292,Silver
C0216,Ucchal Narain,Female,20,Agra,5531355209,Silver
C0217,Inaya Sastry,Male,24,Etawah,0278794751,None
C0218,Noah Ghosh,Female,29,Agra,0700944590,Silver
C0219,Ekantika Chhabra,Male,39,Firozabad,3064927553,Gold
C0220,Caleb Hans,Female,60,Etawah,3375025699,Silver
C0221,Elijah Sekhon,Female,23,Firozabad,4072220093,Silver
C0222,Abhiram Krishna,Female,55,Mathura,4249947204,Silver
C0223,Jagvi Kapadia,Male,56,Mathura,2618721842,Bronze
C0224,Dipta Korpal,Female,22,Etawah,1666011189,Silver
C0225,Faqid Rajagopalan,Male,49,Firozabad,1411830319,Silver
C0226,Dalaja Nair,Male,41,Agra,0549675627,Gold
C0227,Kabir Wadhwa,Male,23,Etawah,7411966626,Gold
C0228,Jai Nazareth,Female,18,Firozabad,5627191484,Bronze
C0229,Brinda Ratta,Male,41,Etawah,5542042072,Silver
C0230,Zayan Hora,Female,34,Firozabad,0295861736,Gold
C0231,Farhan Salvi,Male,35,Etawah,0904378793,Silver
C0232,Janaki Bora,Female,27,Etawah,6085392569,Silver
C0233,Robert Hora,Male,51,Mathura,3462672008,Silver
C0234,Dayita Dubey,Female,50,Firozabad,9066892795,Gold
C0235,Benjamin Mallick,Male,56,Mathura,4290186720,None
C0236,Oviya Subramanian,Male,59,Etawah,8517236630,Bronze
C0237,Nathan Handa,Male,20,Mathura,8840788698,Gold
C0238,Ira Dar,Male,33,Etawah,5583838086,Bronze
C0239,Bhavna Varughese,Female,45,Etawah,7654794134,Silver
C0240,Gavin Bhatnagar,Male,54,Etawah,8960996200,Silver
C0241,Fitan Singhal,Male,37,Etawah,5489040649,Bronze
C0242,Dipta Master,Female,58,Etawah,9844969926,Silver
C0243,Teerth Handa,Male,39,Etawah,5121265611,None
C0244,Mitesh Naidu,Female,65,Etawah,8262405687,Gold
C0245,Xavier Arora,Female,40,Firozabad,2552058253,Bronze
C0246,Neelima Kapoor,Female,28,Etawah,4779162372,None
C0247,Ethan Ahluwalia,Female,19,Etawah,0138617422,None
C0248,Rachita Sidhu,Male,59,Agra,8374150265,None
C0249,Vamakshi Doshi,Male,54,Etawah,5484684590,Bronze
C0250,Charvi Sarraf,Female,55,Agra,1382985864,None
C0251,Samarth Das,Male,27,Firozabad,2711531127,None
C0252,Varenya Kapoor,Female,53,Firozabad,5314812155,None
C0253,Lakshmi Chander,Male,39,Firozabad,1572957135,Silver
C0254,Yug Varma,Female,26,Agra,1531935777,Silver
C0255,Warjas Walla,Female,45,Agra,9505332039,Gold
C0256,Ojas Pathak,Male,57,Mathura,2169291413,Silver
C0257,Rudra Joshi,Female,31,Etawah,8265137492,Bronze
C0258,Idika Das,Male,29,Etawah,8966471934,Bronze
C0259,Jairaj Singhal,Male,47,Firozabad,7493411402,Bronze
C0260,Rachana Thakur,Male,49,Firozabad,6523247930,Bronze
C0261,Timothy Vohra,Male,35,Firozabad,1387259633,Bronze
C0262,Ranbir Dalal,Male,18,Firozabad,5664021290,Silver
C0263,David Kota,Female,23,Etawah,2303140812,Silver
C0264,Janani Bakshi,Female,29,Etawah,5048868097,Silver
C0265,Triveni Biswas,Male,60,Agra,6156950041,None
C0266,Zayyan Kakar,Male,19,Agra,0493822178,Silver
C0267,Atharv Master,Female,39,Mathura,9178953990,None
C0268,Samuel Hans,Male,61,Agra,8419364418,Gold
C0269,Januja Mallick,Female,43,Firozabad,3596144743,Gold
C0270,Chakradhar Bhargava,Male,60,Firozabad,4373252025,Silver
C0271,Yachana Dua,Female,34,Mathura,2100896772,Bronze
C0272,Dayamai Narayanan,Male,63,Mathura,6987234084,Bronze
C0273,Oliver Batra,Male,50,Mathura,4977999487,None
C0274,Fiyaz Rai,Female,23,Agra,2185095949,Gold
C0275,Ria Wadhwa,Female,28,Agra,9242970680,Silver
C0276,Pooja Memon,Female,30,Etawah,7051262841,Silver
C0277,Priya Maharaj,Male,63,Mathura,4551865483,Bronze
C0278,Vanya Bajwa,Female,46,Firozabad,6867975295,Silver
C0279,Siya Pillai,Male,51,Agra,6214941738,Bronze
C0280,Lucky Sinha,Female,32,Mathura,2088965580,Silver
C0281,Upadhriti Gulati,Male,31,Etawah,9906825981,None
C0282,Tanish Prakash,Male,25,Firozabad,9668278737,None
C0283,Vyanjana Sampath,Male,27,Mathura,8606183747,None
C0284,Mohammed Mandal,Male,59,Etawah,1380302053,None
C0285,Patrick Karpe,Female,23,Mathura,0631346921,Bronze
C0286,Jeremiah Sood,Male,35,Etawah,2329785555,Gold
C0287,Veer Bala,Male,42,Firozabad,3552615010,Bronze
C0288,Tristan Jayaraman,Male,58,Etawah,6161551573,Silver
C0289,Radhika Pal,Female,23,Mathura,0505394790,Silver
C0290,Bakhshi Iyengar,Male,29,Agra,1296807216,None
C0291,Ria Barad,Female,48,Firozabad,2632233716,Silver
C0292,Ekaraj Taneja,Female,36,Mathura,6259929328,None
C0293,Dhruv Sachdeva,Female,22,Firozabad,8224133925,Silver
C0294,Laban Chacko,Male,48,Mathura,0778411987,Bronze
C0295,Ranveer Prabhakar,Female,51,Agra,1381268893,Bronze
C0296,Panini Padmanabhan,Male,57,Agra,8689462754,Bronze
C0297,Krisha Behl,Male,63,Mathura,4017066675,Bronze
C0298,Orinder Nagar,Female,40,Agra,2736134796,Bronze
C0299,Jacob Nori,Female,39,Etawah,9264543543,None
C0300,Chatura Chandran,Female,57,Firozabad,3336637543,Silver
C0301,Zaid Dutta,Female,54,Mathura,1483719049,Gold
C0302,Daniel Dar,Female,21,Etawah,0636286220,None
C0303,Victor Bumb,Male,37,Etawah,8187101484,Bronze
C0304,Brijesh Warrior,Male,51,Etawah,8431477683,None
C0305,Hitesh Ram,Male,49,Firozabad,9339985986,Silver
C0306,Isaiah Khare,Male,63,Firozabad,4436867379,Gold
C0307,Gopal Banik,Female,57,Etawah,0763524370,Silver
C0308,Hemal Nath,Female,37,Mathura,5123718250,Bronze
C0309,Nidhi Kaul,Female,39,Etawah,3740517867,Silver
C0310,Amaira Sundaram,Female,21,Firozabad,6861810372,Silver
C0311,Rehaan Kumar,Female,35,Mathura,2336880616,Gold
C0312,Zinal Kanda,Female,26,Mathura,1881524018,Gold
C0313,Faqid Deshmukh,Male,53,Firozabad,1013372572,Gold
C0314,Yauvani Kaul,Male,18,Mathura,5883094645,Bronze
C0315,Shravya Chana,Female,25,Etawah,2300647676,Silver
C0316,Ojas Ben,Male,27,Firozabad,1767284402,Gold
C0317,Ranveer Kumar,Male,60,Firozabad,5301137709,Gold
C0318,Niharika Mangal,Female,57,Agra,6587953985,None
C0319,Ria Kanda,Female,61,Mathura,2659373984,Gold
C0320,Damyanti Varty,Female,35,Etawah,1804312255,Gold
C0321,Inaya Bhattacharyya,Male,26,Agra,3229036702,Silver
C0322,Lila Gulati,Female,28,Agra,8512487943,None
C0323,Madhav Tandon,Male,37,Agra,1927785156,None
C0324,Lucky Warrior,Female,29,Agra,5945222673,Bronze
C0325,Aadi Thakur,Female,48,Mathura,4249658508,Bronze
C0326,Chatresh Ratti,Female,26,Etawah,0198481444,Silver
C0327,Dhruv Khalsa,Female,58,Agra,1020507936,Bronze
C0328,Tristan Bera,Male,47,Mathura,0890852921,Gold
C0329,Warinder Madan,Male,21,Agra,7105154662,Silver
C0330,Gautami Sharma,Male,48,Etawah,4986930170,None
C0331,Ekavir Loke,Female,56,Mathura,9952740364,Bronze
C0332,Tristan Aggarwal,Male,49,Mathura,5472928780,Bronze
C0333,Christopher Shankar,Male,29,Etawah,8340503399,Gold
C0334,Rachita Goel,Female,20,Etawah,0773400520,Silver
C0335,Ronith Manne,Male,33,Etawah,0608302881,Bronze
C0336,Warda Chaudhry,Male,32,Firozabad,2077216148,Silver
C0337,Tanay Rajagopalan,Female,39,Etawah,7692246428,Gold
C0338,Tara Kakar,Male,18,Firozabad,2778551560,Bronze
C0339,Aarini Shankar,Male,56,Mathura,0223236285,None
C0340,Veer Prasad,Male,40,Mathura,4851475886,Gold
C0341,Yochana Bedi,Male,26,Etawah,8158787755,Gold
C0342,Patrick Sanghvi,Female,21,Mathura,5961605030,Bronze
C0343,Praneel Zacharia,Female,35,Agra,9911566090,Gold
C0344,Fitan Atwal,Male,40,Mathura,6119535519,Gold
C0345,Udarsh Kumer,Male,45,Etawah,5040437886,Silver
C0346,Geetika Nagi,Male,39,Etawah,2653787822,None
C0347,Omkaar Kaul,Female,42,Mathura,7608828900,Gold
C0348,Tarak Palla,Female,35,Agra,5204983300,Bronze
C0349,Hiral Bala,Female,38,Firozabad,8431081392,Bronze
C0350,Eta Jhaveri,Male,31,Firozabad,6244080284,Gold
C0351,Urvashi Chahal,Male,49,Etawah,5074305226,Bronze
C0352,Ekapad Purohit,Female,40,Mathura,3782793343,Bronze
C0353,Deepa Soman,Male,45,Firozabad,9689449669,Silver
C0354,Jagrati Sathe,Female,28,Firozabad,3455158134,Bronze
C0355,Xalak Sarkar,Male,56,Etawah,7266693713,Bronze
C0356,Zilmil Sule,Female,46,Etawah,6148422467,None
C0357,Anirudh Modi,Male,20,Firozabad,4264049277,None
C0358,Kala Wadhwa,Female,47,Agra,5340883042,Bronze
C0359,Dipta Shenoy,Female,27,Etawah,8140327925,Gold
C0360,Aadi Prasad,Female,42,Firozabad,1758103019,Silver
C0361,Benjamin Uppal,Male,18,Firozabad,5450942545,None
C0362,Tanish Chokshi,Male,63,Mathura,4078546419,Silver
C0363,Sara Chawla,Male,49,Firozabad,7299354191,Bronze
C0364,Indali Raja,Female,28,Etawah,0906780436,Silver
C0365,Joshua Sheth,Female,24,Agra,6103590647,None
C0366,Isaiah Dhawan,Female,24,Mathura,7505641030,None
C0367,Udant Nagarajan,Male,20,Etawah,5765300537,Silver
C0368,Guneet Chandran,Female,31,Firozabad,7080518329,Silver
C0369,Aradhana Hayre,Female,28,Mathura,9547720589,Gold
C0370,Ganga Singhal,Male,41,Mathura,9877094347,Silver
C0371,Karan Issac,Male,64,Agra,8362925495,None
C0372,Karan Dar,Female,31,Firozabad,6674113992,None
C0373,Tanveer Jain,Male,33,Agra,5880978045,Gold
C0374,Chaitaly Raja,Female,28,Agra,3685054675,Gold
C0375,Yachana Mody,Male,57,Firozabad,1061333624,None
C0376,Lucky Apte,Female,55,Firozabad,3072875073,Bronze
C0377,Anay Dave,Female,38,Etawah,9134392474,None
C0378,Oliver Tara,Female,32,Etawah,5757566355,Silver
C0379,Ridhi Goel,Female,24,Mathura,7170048884,Gold
C0380,Anvi Dara,Male,43,Etawah,8793251496,Silver
C0381,Bhavika Som,Male,39,Firozabad,9338677481,None
C0382,Vincent Baria,Female,33,Etawah,7398253308,Gold
C0383,Shravya Buch,Female,46,Firozabad,1369952593,Silver
C0384,Anika Bajwa,Female,45,Etawah,2245391140,Silver
C0385,Ikbal Biswas,Female,63,Agra,6568973851,None
C0386,Mitali Wason,Female,51,Mathura,9538864955,None
C0387,Akshay Chhabra,Female,60,Agra,6869913126,Gold
C0388,Saumya Sane,Female,34,Agra,9645005931,Silver
C0389,Bhavna Soni,Female,60,Etawah,6832284856,None
C0390,Devika Sengupta,Female,39,Agra,6040482509,Bronze
C0391,Sai Dube,Male,48,Etawah,8389332244,Bronze
C0392,Hamsini Kata,Male,59,Mathura,8797948734,Gold
C0393,William Vora,Male,24,Etawah,1194360633,None
C0394,Harish Ramaswamy,Male,53,Agra,7315883090,Gold
C0395,Tejas Dhar,Female,61,Etawah,0897091715,Gold
C0396,Anmol Rattan,Female,42,Etawah,3035795545,Gold
C0397,Girik Behl,Female,58,Agra,5553473331,None
C0398,Zayan Mangat,Male,40,Etawah,5857196061,Silver
C0399,Jagdish Mannan,Male,60,Mathura,7928503891,Silver
C0400,Aishani Ramesh,Male,54,Firozabad,2345381711,Gold
C0401,Karan Tiwari,Male,53,Etawah,7104937068,Silver
C0402,Jai Mitra,Female,57,Firozabad,9948021874,Silver
C0403,Sanya Varkey,Male,41,Agra,2820522805,Gold
C0404,Eshana Sanghvi,Female,61,Firozabad,2523690173,Gold
C0405,Rushil Mammen,Female,51,Firozabad,3311792724,Silver
C0406,Samuel Ramesh,Male,23,Etawah,2827387772,Gold
C0407,Champak Jaggi,Male,44,Mathura,0694658256,Silver
C0408,Mitali Patil,Female,42,Firozabad,2851635112,Bronze
C0409,Mekhala Shankar,Female,51,Firozabad,0031814036,None
C0410,Wishi Ramesh,Male,47,Mathura,3259812212,Silver
C0411,Bakhshi Gade,Male,42,Agra,2962750911,Silver
C0412,Raagini Mukhopadhyay,Female,47,Firozabad,5327115537,None
C0413,Abdul Bhatt,Male,55,Firozabad,2065028566,None
C0414,Advika Seshadri,Male,60,Agra,1732726172,Silver
C0415,Saanvi Som,Female,44,Etawah,4233575322,Bronze
C0416,Chandani Sidhu,Male,18,Etawah,6387670252,None
C0417,Omkaar Arya,Male,29,Etawah,3368386562,Gold
C0418,Urvashi Chakrabarti,Female,62,Mathura,2533853095,None
C0419,Gavin Murthy,Male,27,Etawah,0878243467,None
C0420,Maanav Pai,Female,29,Mathura,2656871121,Gold
C0421,Madhav Sood,Male,31,Mathura,3654583655,Gold
C0422,Upasna Vyas,Male,57,Firozabad,8961143833,Bronze
C0423,Rehaan Manne,Male,46,Etawah,3121495320,Gold
C0424,Ishani Dyal,Male,53,Mathura,5263763026,Silver
C0425,Omaja Pingle,Female,34,Etawah,5834087071,Bronze
C0426,Victor Lata,Male,60,Etawah,1906143202,Silver
C0427,Yutika Bora,Female,47,Firozabad,0642467547,Bronze
C0428,Brinda Bakshi,Female,25,Etawah,5875356658,Silver
C0429,Tanmayi Dugal,Male,22,Agra,1495217264,Bronze
C0430,Manbir Sarin,Female,33,Etawah,0136760207,None
C0431,Oliver Karnik,Male,41,Agra,0941408032,Gold
C0432,Sanaya Gupta,Female,39,Agra,6638898289,Silver
C0433,Ekta Grover,Female,44,Firozabad,2945597908,Bronze
C0434,Deepa Pradhan,Female,33,Mathura,8045375218,Silver
C0435,Janani Sethi,Male,65,Firozabad,6971823127,Bronze
C0436,Dhruv Varkey,Male,31,Agra,8197649657,Silver
C0437,Sudiksha Doshi,Male,31,Etawah,4715010024,Silver
C0438,Irya Gera,Male,60,Agra,3255390770,Gold
C0439,Kavya Magar,Female,22,Firozabad,1489506477,Bronze
C0440,Leena Pal,Male,44,Mathura,5190023563,Silver
C0441,Jagvi Chaudhary,Female,54,Firozabad,2047553425,Bronze
C0442,Dhriti Palan,Female,51,Agra,8569966676,Silver
C0443,Harshil Shenoy,Female,57,Mathura,5890492553,Silver
C0444,Dominic Soni,Female,36,Agra,9589785176,Bronze
C0445,Logan Mody,Female,30,Mathura,6239064524,Silver
C0446,Kevin Chaudhuri,Female,37,Agra,0699431918,Bronze
C0447,Chatresh Badami,Female,22,Mathura,6209792237,Bronze
C0448,Vyanjana Chadha,Female,36,Firozabad,5513628340,Bronze
C0449,Triya Karnik,Male,19,Etawah,6389496820,Silver
C0450,Yatin Sunder,Male,27,Mathura,4557321213,Gold
C0451,Girindra Tara,Male,27,Etawah,5713345275,Bronze
C0452,Aadi Char,Female,61,Firozabad,3912703258,Silver
C0453,Ryan Sama,Female,58,Mathura,0762583934,None
C0454,Vyanjana Sarin,Female,39,Firozabad,1763053818,Gold
C0455,Amol Rattan,Female,25,Etawah,1042481988,Gold
C0456,Oni Babu,Male,46,Firozabad,4605102132,Silver
C0457,Zayyan Sethi,Female,56,Agra,2192933092,Silver
C0458,Hitesh Rege,Female,29,Agra,9345016020,None
C0459,Balvan Dani,Male,48,Firozabad,5580617755,Silver
C0460,Sudiksha Sami,Female,18,Agra,7558405826,None
C0461,Chasmum Dalal,Male,25,Etawah,4058572346,Gold
C0462,Darsh Tata,Male,19,Agra,5096879165,None
C0463,Ishani Mody,Female,47,Firozabad,3484683606,Bronze
C0464,Kabir Pathak,Female,39,Mathura,2447137503,Bronze
C0465,Samarth Suresh,Female,25,Firozabad,7237757866,Gold
C0466,Abha Ramesh,Male,50,Mathura,0651275545,None
C0467,Bina Mani,Female,42,Firozabad,0110665773,Bronze
C0468,Patrick Menon,Male,57,Firozabad,2421836281,None
C0469,Logan Ranganathan,Female,65,Agra,7124504547,Bronze
C0470,Manya Rajagopalan,Female,56,Firozabad,1932811831,None
C0471,Onveer Sarna,Female,22,Etawah,6042521550,None
C0472,Hamsini Pai,Male,32,Etawah,5110800190,Bronze
C0473,Wriddhish De,Female,19,Agra,6624203767,None
C0474,Samar Pillay,Male,65,Mathura,1604014302,Silver
C0475,Oscar Borah,Male,18,Etawah,7679436209,Gold
C0476,Timothy Gandhi,Male,56,Agra,1687767753,None
C0477,Aayush Raghavan,Female,55,Agra,4932867798,None
C0478,Vanya Narain,Female,39,Firozabad,4470118174,Bronze
C0479,Qabil Sani,Female,19,Mathura,1745981926,Silver
C0480,Vasana Anand,Female,30,Firozabad,6219611359,Gold
C0481,Lekha Tailor,Female,60,Agra,0224836475,Bronze
C0482,Amaira Minhas,Female,24,Mathura,0309956528,Silver
C0483,Dhriti Shan,Female,39,Agra,0464070118,None
C0484,Ijaya Tata,Female,53,Agra,2682766530,Gold
C0485,Charles Mahajan,Male,26,Firozabad,0201794666,Silver
C0486,Chaitaly Bakshi,Female,26,Firozabad,6085921061,Bronze
C0487,Sara Gara,Male,45,Etawah,2123563243,Bronze
C0488,Ekbal Behl,Male,52,Etawah,1445465415,None
C0489,Reyansh Prasad,Male,18,Mathura,7389787802,None
C0490,Lohit Kapoor,Female,48,Agra,5200523308,Silver
C0491,Yashawini Ramaswamy,Female,25,Agra,1192705816,None
C0492,Leela Kothari,Male,64,Firozabad,5748006034,Bronze
C0493,Jeevika Shenoy,Male,28,Etawah,0410010307,Bronze
C0494,Libni Chanda,Female,54,Etawah,8440043695,Bronze
C0495,Chandresh Borah,Female,58,Agra,7562128195,Bronze
C0496,Robert Pai,Male,53,Mathura,0215417498,None
C0497,Yashvi Rama,Female,61,Etawah,1225207058,Gold
C0498,Gabriel Tandon,Female,37,Agra,5770990374,Gold
C0499,Xavier Karnik,Male,58,Firozabad,1570268710,Silver
C0500,Meera Varty,Male,39,Mathura,5198493654,Gold
C0501,Ronith Bhakta,Male,52,Etawah,1466387096,Silver
C0502,Zarna Kala,Female,55,Etawah,4134909719,None
C0503,Mohini Master,Male,57,Etawah,0964444418,Bronze
C0504,Rajeshri Karnik,Female,25,Firozabad,3622072336,None
C0505,Faqid Hegde,Female,56,Agra,3004525945,Gold
C0506,Prisha Deshpande,Male,41,Firozabad,1187515782,Silver
C0507,Sathvik Aggarwal,Male,28,Agra,6167621302,Gold
C0508,Dayamai Sethi,Male,57,Etawah,2086725258,Bronze
C0509,Tejas Loke,Female,48,Agra,3076041502,Gold
C0510,Odika Brar,Female,57,Mathura,3898958211,Silver
C0511,Aayush Deshmukh,Male,29,Firozabad,3622478285,None
C0512,Hiral Dani,Male,62,Mathura,1913171492,Gold
C0513,Onkar Balay,Male,31,Agra,3540899857,Silver
C0514,Hemangini Uppal,Female,45,Firozabad,0262728563,Bronze
C0515,Daksh Chaudhari,Male,20,Firozabad,4770129750,Bronze
C0516,Nitesh Batra,Male,37,Firozabad,0316531281,Bronze
C0517,Rayaan Chauhan,Female,23,Mathura,5064296778,Bronze
C0518,Janani Prasad,Male,24,Agra,5023630727,None
C0519,Amara Ahluwalia,Female,61,Firozabad,5789241795,Gold
C0520,Yashvi Bedi,Female,34,Firozabad,3432792339,Silver
C0521,Aarav Magar,Female,64,Mathura,2659712444,Gold
C0522,Varenya Ray,Female,22,Firozabad,7604403864,Bronze
C0523,Edhitha Kata,Female,63,Etawah,8784445452,Gold
C0524,Teerth Dutt,Female,43,Firozabad,5895002281,None
C0525,Oviya Kari,Female,57,Agra,7742531288,Silver
C0526,Tanish Bajwa,Female,29,Firozabad,1057244096,Bronze
C0527,Yauvani Saraf,Male,45,Mathura,3118656928,None
C0528,Oeshi Chawla,Female,49,Mathura,4869807981,None
C0529,Vedant Virk,Male,25,Etawah,3116165698,Bronze
C0530,Chandani Kaul,Male,56,Firozabad,1869269618,Silver
C0531,Leena Vasa,Female,24,Agra,8662481965,None
C0532,Michael Srinivasan,Female,63,Mathura,2764903429,None
C0533,Kevin Babu,Female,34,Etawah,4328708670,Bronze
C0534,Pallavi Mitra,Male,58,Agra,9069603638,Silver
C0535,Hiral Bahri,Female,24,Firozabad,7045155556,Silver
C0536,Adya Chaudhry,Female,50,Etawah,8552570136,None
C0537,Jai Sidhu,Female,46,Mathura,4477008092,None
C0538,Samar Dada,Female,31,Agra,4939609467,Gold
C0539,Ishani Walla,Male,56,Etawah,2249054967,Gold
C0540,Chakradhar Vasa,Female,59,Agra,1099185722,Bronze
C0541,Amol Verma,Female,18,Agra,3154308520,Bronze
C0542,Eiravati Sarna,Female,39,Etawah,3126585760,Silver
C0543,Yug Karpe,Female,20,Mathura,2090187000,Bronze
C0544,Bachittar Chanda,Female,65,Agra,7045968157,Bronze
C0545,Vrishti Garg,Male,61,Etawah,6010753919,None
C0546,Owen Narayanan,Male,36,Mathura,6249276677,None
C0547,Ekaraj Munshi,Female,55,Etawah,7716625243,Gold
C0548,Xavier Ramanathan,Male,47,Agra,8067492823,Bronze
C0549,Ekansh Kapoor,Female,46,Etawah,4028373078,Bronze
C0550,Upma Ravel,Female,18,Firozabad,8834825544,None
C0551,Vidhi Wali,Female,19,Agra,4944457760,None
C0552,Abdul Peri,Female,22,Etawah,3636598789,Bronze
C0553,Gopal Kurian,Male,40,Mathura,6352700365,Bronze
C0554,Eiravati Sachdev,Female,21,Firozabad,4596124657,Gold
C0555,Suhani Padmanabhan,Male,51,Etawah,4034024424,None
C0556,Ekbal Rau,Female,43,Firozabad,0710538356,Gold
C0557,Maanav Bala,Male,43,Agra,1237943876,Silver
C0558,Advika Pingle,Male,18,Mathura,5589127873,Silver
C0559,Vasudha Majumdar,Male,55,Etawah,9954685787,Bronze
C0560,Teerth Kalita,Male,61,Agra,1805595645,Gold
C0561,Saanvi Chanda,Male,53,Firozabad,8710940884,Silver
C0562,Unnati Mall,Male,24,Agra,1182562812,Bronze
C0563,Manthan Shanker,Female,34,Firozabad,1917108715,Gold
C0564,Vinaya Gopal,Male,41,Etawah,1152438152,None
C0565,Alka Koshy,Male,24,Mathura,3080036742,None
C0566,Aarnav Shankar,Male,19,Agra,5636503131,Gold
C0567,Oni Bandi,Male,39,Firozabad,5359236220,Bronze
C0568,Jagvi Sarna,Male,48,Mathura,8567520880,Bronze
C0569,Unni Rout,Male,44,Mathura,9918426410,Silver
C0570,Ishanvi Saini,Male,39,Agra,8024908586,Bronze
C0571,Aarav Kurian,Female,40,Firozabad,0906685792,Bronze
C0572,Dalaja Kapadia,Female,45,Agra,4642418076,None
C0573,Kashvi Deo,Female,54,Etawah,2834598457,Gold
C0574,Januja Ranganathan,Male,22,Mathura,5830661898,Silver
C0575,Isaac Yogi,Male,24,Etawah,7211356062,Bronze
C0576,Quincy Sekhon,Male,60,Etawah,6704485635,None
C0577,Joshua Johal,Male,49,Etawah,6127012492,Bronze
C0578,Vaishnavi Bir,Male,64,Agra,7942227579,Gold
C0579,Rushil Rajagopal,Male,47,Firozabad,0240381224,None
C0580,Faqid Kar,Male,35,Firozabad,0319294031,Silver
C0581,Karan Varghese,Male,45,Mathura,7217641061,None
C0582,Liam Kakar,Male,39,Firozabad,8477735460,None
C0583,Harita Shenoy,Female,45,Etawah,7906069845,Bronze
C0584,Hritik Dixit,Female,27,Mathura,5866865201,Bronze
C0585,Janani Modi,Female,46,Mathura,5857511156,Gold
C0586,Fiyaz Bhargava,Female,43,Etawah,7742216247,None
C0587,Wriddhish Patla,Male,46,Firozabad,7399215864,Bronze
C0588,Jackson Swaminathan,Female,34,Etawah,9765654428,Gold
C0589,Chanchal Morar,Male,30,Mathura,6378134598,Silver
C0590,Yash Peri,Female,64,Etawah,1978848171,Silver
C0591,Lekha Kibe,Male,64,Firozabad,3980699336,Bronze
C0592,Faqid Wable,Male,63,Firozabad,5781294702,None
C0593,Vrinda Sarkar,Female,65,Agra,4833300137,None
C0594,Timothy Samra,Male,60,Etawah,4178360163,Silver
C0595,Daksha Sagar,Male,49,Agra,5478886061,None
C0596,Bakhshi Singh,Female,23,Firozabad,9207248726,Silver
C0597,Aarini Shenoy,Female,37,Firozabad,6868864713,Bronze
C0598,Udarsh Dar,Female,28,Mathura,9857122517,Silver
C0599,Raksha Dugar,Female,65,Etawah,1047893941,Gold
C0600,Turvi Ramakrishnan,Female,61,Firozabad,5287814556,Gold
C0601,Darsh Goda,Female,57,Agra,8750507351,None
C0602,Jatin Dash,Male,34,Firozabad,9386222097,Silver
C0603,Janaki Sura,Male,18,Firozabad,2324215608,Bronze
C0604,Bimala Kalla,Female,53,Etawah,2123505342,Gold
C0605,Nidhi Narula,Female,54,Agra,7467437870,Bronze
C0606,Warinder Sundaram,Male,48,Mathura,8618213093,Silver
C0607,Ikbal Thaman,Male,23,Mathura,7990848461,Bronze
C0608,Balvan Dani,Female,57,Firozabad,7534060578,Silver
C0609,Tara Rege,Female,52,Agra,5729026771,None
C0610,Nidhi Deshmukh,Female,60,Firozabad,9466016331,None
C0611,Yashasvi Krishna,Male,36,Etawah,7518538199,Silver
C0612,Falak Pant,Male,47,Agra,5185571240,None
C0613,Laban Naik,Female,31,Firozabad,6426597985,Gold
C0614,Arin Kapadia,Female,65,Mathura,3881574621,Bronze
C0615,William Bala,Male,20,Agra,5416834285,Gold
C0616,Ishaan Mallick,Female,35,Mathura,2870237111,Silver
C0617,Yug Soman,Male,37,Mathura,9466105789,None
C0618,Pavani Sane,Male,21,Mathura,6899252896,None
C0619,Manan Chana,Male,45,Mathura,8751368551,Silver
C0620,Ishanvi Rau,Male,60,Agra,1928779679,Bronze
C0621,Ekalinga Krishna,Male,45,Agra,3653885810,Silver
C0622,Widisha Iyer,Female,45,Agra,1982309310,None
C0623,Irya Narasimhan,Female,63,Mathura,6607438266,None
C0624,Owen Viswanathan,Male,34,Agra,4567781300,Bronze
C0625,Girik Kapadia,Female,37,Firozabad,2656187396,Silver
C0626,Jeet Goswami,Female,59,Agra,8502709833,None
C0627,Christopher Dhar,Female,28,Agra,1683088626,Gold
C0628,Faraj Dass,Male,58,Firozabad,4268119740,Bronze
C0629,Isaiah Ravi,Female,41,Etawah,6287167442,None
C0630,Anjali Dhar,Male,18,Firozabad,3481419906,Silver
C0631,Xavier Wable,Female,28,Etawah,5570753174,None
C0632,Sanya Dua,Male,63,Firozabad,7695638854,Gold
C0633,Chatresh Murty,Female,37,Mathura,1657987496,Bronze
C0634,Michael Rastogi,Male,43,Firozabad,0527880340,Bronze
C0635,Faris Goda,Male,26,Agra,3961657423,Bronze
C0636,Reva Sha,Male,24,Agra,5991962082,Bronze
C0637,Upma Kar,Female,58,Agra,6156600567,Bronze
C0638,Jagat Ramanathan,Male,60,Agra,1468668255,Silver
C0639,Ekavir Grover,Female,37,Firozabad,2866578121,Silver
C0640,Vanya Issac,Male,52,Etawah,2230765569,Bronze
C0641,Balendra Bassi,Female,44,Mathura,9254249170,Bronze
C0642,Rajata Kadakia,Female,22,Mathura,0155284433,Silver
C0643,Ekta Kala,Female,39,Agra,2142533049,None
C0644,Jasmit Hans,Female,36,Agra,1004727610,Gold
C0645,Vihaan Tank,Female,57,Mathura,8828459649,Silver
C0646,Reyansh Tiwari,Female,42,Mathura,2969333049,Silver
C0647,Balhaar Raval,Female,34,Firozabad,1787896005,None
C0648,Upkaar Soman,Male,22,Agra,8950077817,Silver
C0649,Amruta Nagy,Female,35,Agra,6895339752,Bronze
C0650,Chanakya Nayar,Male,26,Firozabad,0900603452,Gold
C0651,Gaurika Pall,Male,64,Firozabad,8778040941,None
C0652,Samar Khare,Male,60,Agra,5399923632,Gold
C0653,Harita Bansal,Male,32,Firozabad,0230617660,Gold
C0654,Krish Sastry,Female,32,Etawah,6612782889,Gold
C0655,Ladli Minhas,Female,63,Firozabad,9047677427,Silver
C0656,Wazir Kar,Female,30,Mathura,8381730416,Bronze
C0657,Yashodhara Krishna,Male,42,Mathura,7987020353,Gold
C0658,Wazir Thakur,Female,38,Firozabad,1002128117,None
C0659,Zayan Karan,Female,44,Agra,0723021412,Gold
C0660,Falak Chakraborty,Female,39,Agra,7356532917,Gold
C0661,Gavin Krish,Female,65,Agra,8385353984,Silver
C0662,Isha Lad,Female,63,Mathura,5608137387,Bronze
C0663,Yatan Dubey,Male,49,Agra,5408138022,Gold
C0664,Lajita Magar,Male,64,Agra,4315566082,Gold
C0665,Aishani Gala,Male,56,Etawah,9157713136,Silver
C0666,Vincent Tara,Male,20,Mathura,2818179552,Silver
C0667,Inaya Oommen,Female,57,Agra,8016346946,Bronze
C0668,Advik Gulati,Male,47,Firozabad,3122731737,Bronze
C0669,Yagnesh Khurana,Male,60,Mathura,5393247977,None
C0670,Jagat Dave,Male,29,Firozabad,0100591130,Bronze
C0671,Anika Issac,Male,58,Firozabad,2598402915,Gold
C0672,Parth Mani,Male,65,Firozabad,7429838154,Gold
C0673,Geetika Buch,Female,27,Firozabad,5462151527,Gold
C0674,Utkarsh Venkatesh,Female,53,Etawah,7847442927,None
C0675,Harshil Lala,Female,63,Agra,2991175010,Bronze
C0676,Ekapad Kata,Female,47,Firozabad,6289130399,Silver
C0677,Imaran Hora,Male,45,Mathura,8601309199,Bronze
C0678,Zansi Jaggi,Male,35,Mathura,6939190813,Silver
C0679,Oni Bhalla,Female,52,Agra,9659958833,None
C0680,Rajata Karan,Male,21,Etawah,0901794621,Bronze
C0681,Ekani Solanki,Female,27,Etawah,6942420917,Gold
C0682,Girindra Kumar,Male,52,Mathura,3313441582,None
C0683,Divya Mand,Female,62,Etawah,7921578651,Gold
C0684,Pushti Rajagopal,Male,31,Mathura,9061754921,Bronze
C0685,Aadi Tara,Male,64,Agra,2662806115,None
C0686,Devansh Minhas,Female,27,Mathura,0192049760,Silver
C0687,Bhanumati Biswas,Male,65,Mathura,1854080463,Silver
C0688,Wazir Narasimhan,Female,50,Mathura,6304276971,None
C0689,Samaksh Deo,Male,35,Agra,5432746247,Silver
C0690,Guneet Mukherjee,Male,65,Mathura,1351934760,None
C0691,Rohan Maharaj,Male,64,Firozabad,6368437050,Bronze
C0692,Baljiwan Sachdev,Male,52,Firozabad,3483512011,Silver
C0693,Vinaya Wali,Female,55,Firozabad,2161188377,None
C0694,Jeevika Tella,Female,65,Firozabad,0118673451,Bronze
C0695,Ishanvi Rastogi,Male,63,Firozabad,4136138116,Gold
C0696,Oeshi Bhasin,Male,39,Firozabad,8543762646,Gold
C0697,Christopher Varghese,Female,60,Firozabad,7936180882,Gold
C0698,Warjas Bahri,Male,20,Firozabad,3122623822,Silver
C0699,Advik Morar,Male,32,Etawah,2805201771,Silver
C0700,Madhavi Choudhry,Male,23,Mathura,6803524621,Silver
C0701,Bishakha Chowdhury,Male,34,Mathura,2534028908,Bronze
C0702,Lohit Ravel,Female,22,Etawah,0401150350,Gold
C0703,Ekantika Parekh,Male,50,Etawah,2009370459,Bronze
C0704,Yauvani Rattan,Male,52,Etawah,9703539832,Bronze
C0705,Diya Sekhon,Male,32,Agra,3664833058,Gold
C0706,Raagini Johal,Male,51,Etawah,7305385784,Bronze
C0707,Krishna Sodhi,Female,46,Mathura,4149222830,None
C0708,Krisha Rout,Male,34,Etawah,1630135895,None
C0709,Girish Chadha,Male,35,Etawah,9492869314,None
C0710,Henry Issac,Female,61,Firozabad,5492612962,None
C0711,Ekbal Kurian,Female,40,Agra,3212594565,Gold
C0712,Kevin Rattan,Female,58,Etawah,0348475699,None
C0713,Chakradhar Sankar,Male,54,Agra,1122099812,None
C0714,Bina Rao,Female,51,Agra,7098942623,None
C0715,Netra Raj,Female,23,Etawah,4099029030,None
C0716,Gautami Soman,Female,52,Agra,7037870315,Silver
C0717,Tarak Sachdev,Female,32,Etawah,3405847097,Bronze
C0718,Raagini Kamdar,Male,50,Etawah,5438624782,Silver
C0719,Xavier Loke,Male,18,Firozabad,5495715166,Bronze
C0720,Parth Shetty,Male,36,Agra,7947792862,Silver
C0721,Anirudh Char,Female,19,Agra,2569496563,Silver
C0722,Zayyan Singh,Female,18,Etawah,6521547554,None
C0723,Lipika Bava,Female,40,Firozabad,4674280388,Silver
C0724,Sarthak Comar,Female,48,Firozabad,1393993702,None
C0725,Kala Chowdhury,Female,38,Firozabad,4262417563,Gold
C0726,Yash Varkey,Female,64,Mathura,9837712986,Gold
C0727,Ijaya Mallick,Male,23,Firozabad,4831537497,Silver
C0728,Finn Nayak,Female,58,Firozabad,7506046671,Gold
C0729,Yasti Chand,Female,45,Agra,2544398775,Bronze
C0730,Vrishti Balasubramanian,Male,45,Agra,6114768275,Bronze
C0731,Amaira Anne,Male,41,Etawah,5030566156,Silver
C0732,Samar Venkatesh,Female,29,Firozabad,5784324848,None
C0733,Abha Kapur,Male,50,Firozabad,2686922232,None
C0734,Ijaya Dayal,Female,60,Etawah,0677787322,None
C0735,Aadhya Jaggi,Female,44,Mathura,3935579892,None
C0736,Forum Dixit,Female,51,Mathura,9999043886,None
C0737,Agastya Contractor,Female,62,Mathura,1758065990,Gold
C0738,Divya Mital,Female,47,Firozabad,1235747696,Bronze
C0739,Udarsh Deep,Female,48,Etawah,3000210954,Gold
C0740,Maanas Rajagopalan,Male,37,Etawah,8439674251,None
C0741,Bakhshi Sharma,Female,63,Firozabad,4588938939,Bronze
C0742,Anmol Sen,Female,39,Firozabad,3946958144,Silver
C0743,Yachana Atwal,Female,46,Etawah,6419853732,Gold
C0744,Akshay Dani,Male,25,Mathura,3333024747,Gold
C0745,Garima Kohli,Male,62,Etawah,7931359153,Bronze
C0746,Vritti Kant,Male,41,Agra,2249687165,None
C0747,Chanchal Dora,Male,52,Agra,5016705725,None
C0748,Urishilla Venkatesh,Male,61,Etawah,2941899906,Gold
C0749,Rachita Dave,Female,41,Mathura,5262637617,None
C0750,Urvi Agarwal,Female,53,Firozabad,2607022017,Silver
C0751,Xalak Badami,Male,25,Firozabad,8563579841,Bronze
C0752,Samarth Contractor,Female,56,Agra,4565804380,None
C0753,Panini Mutti,Female,21,Etawah,7467816666,Bronze
C0754,Neelima Vasa,Male,61,Agra,2856804566,Silver
C0755,Warinder Vyas,Male,29,Etawah,6547659356,Gold
C0756,Triveni Sahni,Male,59,Firozabad,2405045078,None
C0757,Niharika Radhakrishnan,Female,48,Firozabad,6404241571,Gold
C0758,Atharv Singhal,Female,52,Firozabad,4780349276,Gold
C0759,Ekta Dutta,Male,37,Mathura,1398757545,Bronze
C0760,Timothy Ramaswamy,Female,54,Etawah,1566850523,Silver
C0761,Anjali Lad,Female,28,Firozabad,0243932935,None
C0762,Sudiksha Pall,Male,42,Agra,4251733789,Silver
C0763,Kritika Dass,Male,58,Agra,7799729203,Bronze
C0764,William Borra,Female,37,Firozabad,1904271523,Bronze
C0765,Umang Dhillon,Male,56,Etawah,6568022356,Silver
C0766,Priya Chaudry,Female,61,Firozabad,0922572488,Bronze
C0767,Nirja Choudhry,Female,61,Etawah,3612346080,Bronze
C0768,Lakshmi Bhagat,Male,53,Firozabad,3418760378,Gold
C0769,Mugdha Tiwari,Male,56,Etawah,0119499537,None
C0770,Wakeeta Sunder,Female,53,Firozabad,9183503918,Bronze
C0771,Zayyan Jha,Male,41,Mathura,2898813677,Gold
C0772,Naksh Basu,Female,30,Firozabad,8942784877,Gold
C0773,Guneet Chaudry,Male,41,Etawah,1909462066,Silver
C0774,Kamya Nori,Female,61,Firozabad,8331733618,None
C0775,Yashodhara Zachariah,Male,34,Firozabad,2719534192,None
C0776,Udyati Wali,Male,30,Etawah,0476713561,Bronze
C0777,Bhavani Kibe,Female,40,Agra,8087403548,Silver
C0778,Hemani Deol,Male,56,Agra,5134012532,Gold
C0779,Ekavir Yadav,Female,48,Firozabad,8228841068,Silver
C0780,Zayan Ganguly,Female,59,Etawah,3076676105,Bronze
C0781,Zilmil Swamy,Male,60,Agra,7994009392,None
C0782,Warinder Sachar,Male,34,Firozabad,0085753947,None
C0783,Udyati Ray,Male,57,Agra,0563519164,Gold
C0784,Utkarsh Dutt,Male,27,Agra,2565931423,Gold
C0785,Ekbal Krish,Male,63,Agra,3799655481,Silver
C0786,Ladli Jayaraman,Female,50,Etawah,2063158777,Gold
C0787,Pavani Swaminathan,Female,53,Mathura,6688298546,Gold
C0788,Devansh Arya,Female,37,Agra,9615918159,None
C0789,Naksh Dyal,Female,23,Agra,4076447215,None
C0790,Falguni Trivedi,Female,22,Agra,3327702796,Silver
C0791,Idika Morar,Female,22,Agra,0932431699,None
C0792,Irya Dass,Female,44,Firozabad,3157274176,Silver
C0793,Unnati Chawla,Male,30,Etawah,3910679860,Bronze
C0794,Chandani Varughese,Male,41,Agra,6494363534,Silver
C0795,Oscar Sankaran,Male,46,Mathura,3916721902,Gold
C0796,Adya Barad,Male,65,Etawah,6442186521,None
C0797,Manbir Korpal,Female,27,Mathura,3093616399,None
C0798,Atharv Aurora,Male,31,Firozabad,8240524578,None
C0799,Lipika Lanka,Female,21,Agra,0701425966,Gold
C0800,Adya Soni,Female,39,Etawah,4603332496,Bronze
